file,split,category,sr,dur_s,speech_frac,flat_top,hard_flat,dc,head_rms,tail_rms
Atharvaveda_Kanda_10_0263.wav,train,stratified,16000,6.296,0.99,0.0,0.0,0.0001,-15.0,-32.1
Atharvaveda_Kanda_10_0595.wav,train,48k,48000,5.367,1.0,0.0,0.0,0.0001,-12.9,-13.0
Atharvaveda_Kanda_11_0432.wav,train,stratified,16000,5.085,1.0,0.0,0.0,0.0063,-9.6,-31.2
Atharvaveda_Kanda_11_0500.wav,train,stratified,16000,10.249,0.991,0.0,0.0,0.0064,-10.8,-28.2
Atharvaveda_Kanda_11_0594.wav,train,48k,48000,5.567,0.989,0.0,0.0,0.0057,-14.5,-10.3
Atharvaveda_Kanda_12_0014.wav,test,stratified,16000,18.771,1.0,0.0,0.0,0.0058,-12.7,-22.4
Atharvaveda_Kanda_12_0038.wav,train,clipped,16000,4.831,1.0,4e-05,0.0,0.0058,-10.9,-21.7
Atharvaveda_Kanda_12_0040.wav,train,stratified,16000,5.002,1.0,0.0,0.0,0.0057,-11.7,-24.7
Atharvaveda_Kanda_12_0124.wav,train,stratified,16000,6.36,1.0,0.0,0.0,0.0058,-11.1,-22.1
Atharvaveda_Kanda_13_0162.wav,validation,stratified,16000,7.697,0.988,0.0,0.0,0.0051,-13.4,-29.9
Atharvaveda_Kanda_13_0213.wav,train,borderline,16000,6.199,1.0,1e-05,0.0,0.0047,-12.9,-26.8
Atharvaveda_Kanda_13_0250.wav,validation,stratified,16000,5.256,0.989,0.0,0.0,0.0047,-10.7,-26.2
Atharvaveda_Kanda_2_0028.wav,test,stratified,16000,4.492,0.96,0.0,0.0,0.0001,-14.7,-45.7
Atharvaveda_Kanda_3_0191.wav,test,stratified,16000,4.679,0.948,0.0,0.0,0.0001,-16.6,-40.1
Atharvaveda_Kanda_4_0035.wav,test,stratified,16000,4.16,0.957,0.0,0.0,0.0001,-15.9,-36.0
Atharvaveda_Kanda_4_0063.wav,validation,stratified,16000,4.425,0.932,0.0,0.0,0.0001,-20.7,-34.7
Atharvaveda_Kanda_4_0455.wav,validation,stratified,16000,5.677,0.963,0.0,0.0,0.0001,-12.4,-36.0
Atharvaveda_Kanda_4_0484.wav,validation,stratified,16000,4.283,0.993,0.0,0.0,0.0001,-13.7,-30.2
Atharvaveda_Kanda_5_0072.wav,train,stratified,16000,5.276,0.983,0.0,0.0,0.0001,-16.0,-32.8
Atharvaveda_Kanda_5_0338.wav,train,stratified,16000,4.119,0.978,0.0,0.0,0.0001,-16.8,-31.5
Atharvaveda_Kanda_6_0035.wav,validation,stratified,16000,4.779,1.0,0.0,0.0,0.0001,-13.8,-25.8
Atharvaveda_Kanda_6_0045.wav,train,stratified,16000,6.717,1.0,0.0,0.0,0.0001,-15.2,-22.8
Atharvaveda_Kanda_6_0212.wav,validation,stratified,16000,5.075,0.988,0.0,0.0,0.0001,-14.7,-34.1
Atharvaveda_Kanda_6_0403.wav,validation,stratified,16000,2.387,0.937,0.0,0.0,0.0001,-13.3,-33.8
Atharvaveda_Kanda_6_0408.wav,train,stratified,16000,4.703,0.994,0.0,0.0,0.0001,-15.1,-31.4
Atharvaveda_Kanda_6_0435.wav,validation,stratified,16000,5.232,0.994,0.0,0.0,0.0001,-16.2,-31.6
Atharvaveda_Kanda_8_0050.wav,validation,stratified,16000,7.501,0.988,0.0,0.0,0.0,-14.2,-31.6
Atharvaveda_Kanda_8_0295.wav,train,stratified,16000,5.517,0.984,0.0,0.0,0.0,-16.7,-30.7
Atharvaveda_Part_014_0382.wav,train,stratified,16000,6.667,1.0,0.0,0.0,0.0047,-10.8,-24.7
Atharvaveda_Part_015_0048.wav,test,stratified,16000,4.028,0.993,0.0,0.0,0.0038,-10.0,-30.3
Atharvaveda_Part_015_0106.wav,validation,stratified,16000,9.651,0.997,0.0,0.0,0.0038,-10.5,-33.8
Atharvaveda_Part_016_0233.wav,validation,borderline,16000,4.655,0.968,1e-05,0.0,0.0038,-15.0,-32.9
Atharvaveda_Part_016_0237.wav,train,clipped,16000,13.178,0.989,0.0,0.0,0.0038,-10.5,-34.7
Atharvaveda_Part_016_0239.wav,validation,borderline,16000,4.724,0.975,1e-05,0.0,0.0038,-11.7,-36.4
Atharvaveda_Part_017_0099.wav,train,clipped,16000,4.573,1.0,1e-05,0.0,0.0051,-10.0,-28.4
Atharvaveda_Part_017_0131.wav,train,borderline,16000,34.806,1.0,0.0,0.0,0.0051,-11.4,-23.4
Atharvaveda_Part_018_1_0153.wav,test,stratified,16000,6.924,1.0,0.0,0.0,0.005,-10.9,-26.3
Atharvaveda_Part_018_1_0171.wav,validation,borderline,16000,9.665,1.0,1e-05,0.0,0.0051,-10.4,-26.2
Atharvaveda_Part_018_1_0204.wav,train,borderline,16000,6.822,1.0,1e-05,0.0,0.0052,-10.6,-27.3
Atharvaveda_Part_018_2_0016.wav,train,clipped,16000,8.045,1.0,6e-05,1e-05,0.0063,-10.8,-29.7
Atharvaveda_Part_018_2_0017.wav,train,clipped,16000,6.98,0.996,5e-05,3e-05,0.0063,-12.2,-32.4
Atharvaveda_Part_018_2_0018.wav,train,clipped,16000,6.988,1.0,1e-05,0.0,0.0064,-10.4,-29.6
Atharvaveda_Part_018_2_0020.wav,validation,clipped,16000,7.277,1.0,1e-05,0.0,0.0064,-9.2,-20.2
Atharvaveda_Part_018_2_0026.wav,train,clipped,16000,14.138,0.985,2e-05,0.0,0.0063,-10.1,-33.5
Atharvaveda_Part_018_2_0030.wav,train,borderline,16000,5.524,1.0,1e-05,0.0,0.0063,-10.7,-28.0
Atharvaveda_Part_018_2_0036.wav,train,borderline,16000,3.117,1.0,0.0,0.0,0.0064,-9.2,-17.2
Atharvaveda_Part_018_2_0038.wav,test,borderline,16000,5.374,0.994,1e-05,0.0,0.0063,-11.4,-27.3
Atharvaveda_Part_018_2_0039.wav,train,clipped,16000,4.88,0.994,4e-05,4e-05,0.0064,-12.2,-29.9
Atharvaveda_Part_018_2_0045.wav,train,borderline,16000,7.071,0.991,1e-05,0.0,0.0063,-12.8,-28.9
Atharvaveda_Part_018_2_0046.wav,train,clipped,16000,4.57,1.0,1e-05,0.0,0.0064,-17.2,-26.6
Atharvaveda_Part_018_2_0048.wav,train,borderline,16000,5.449,1.0,1e-05,0.0,0.0063,-10.6,-30.1
Atharvaveda_Part_018_2_0049.wav,train,clipped,16000,4.858,1.0,1e-05,0.0,0.0062,-11.5,-25.2
Atharvaveda_Part_018_2_0052.wav,train,borderline,16000,5.981,0.995,1e-05,0.0,0.0063,-9.5,-31.5
Atharvaveda_Part_018_2_0055.wav,test,clipped,16000,6.662,0.986,3e-05,1e-05,0.0063,-10.4,-30.7
Atharvaveda_Part_018_2_0056.wav,train,clipped,16000,1.412,1.0,9e-05,0.0,0.0063,-11.7,-12.0
Atharvaveda_Part_018_2_0057.wav,validation,clipped,16000,6.107,0.995,1e-05,0.0,0.0062,-11.2,-30.8
Atharvaveda_Part_018_2_0058.wav,train,clipped,16000,6.416,1.0,1e-05,0.0,0.0063,-9.5,-28.5
Atharvaveda_Part_018_2_0059.wav,train,borderline,16000,7.344,0.996,1e-05,0.0,0.0063,-9.5,-26.7
Atharvaveda_Part_018_2_0060.wav,train,borderline,16000,2.068,1.0,3e-05,0.0,0.0063,-9.3,-14.3
Atharvaveda_Part_018_2_0062.wav,train,borderline,16000,6.621,1.0,1e-05,0.0,0.0062,-9.5,-28.8
Atharvaveda_Part_018_2_0065.wav,train,clipped,16000,2.494,1.0,3e-05,0.0,0.0065,-11.4,-29.5
Atharvaveda_Part_018_2_0066.wav,train,clipped,16000,5.437,1.0,1e-05,0.0,0.0062,-9.5,-23.3
Atharvaveda_Part_018_2_0068.wav,train,clipped,16000,6.741,1.0,3e-05,0.0,0.0063,-13.0,-25.8
Atharvaveda_Part_018_2_0069.wav,train,clipped,16000,6.201,1.0,1e-05,0.0,0.0063,-11.5,-21.6
Atharvaveda_Part_018_2_0072.wav,train,clipped,16000,6.787,1.0,1e-05,1e-05,0.0063,-10.1,-29.3
Atharvaveda_Part_018_2_0076.wav,train,clipped,16000,6.567,1.0,4e-05,0.0,0.0063,-8.5,-30.0
Atharvaveda_Part_018_2_0077.wav,train,borderline,16000,7.096,0.996,2e-05,0.0,0.0062,-11.7,-31.5
Atharvaveda_Part_018_2_0078.wav,test,clipped,16000,4.551,1.0,1e-05,0.0,0.0064,-11.7,-28.0
Atharvaveda_Part_018_2_0081.wav,train,clipped,16000,6.061,0.985,5e-05,1e-05,0.0063,-11.3,-30.3
Atharvaveda_Part_018_2_0082.wav,train,borderline,16000,5.537,1.0,1e-05,0.0,0.0062,-11.1,-28.9
Atharvaveda_Part_018_2_0088.wav,train,clipped,16000,6.356,1.0,1e-05,0.0,0.0061,-14.2,-29.7
Atharvaveda_Part_018_2_0089.wav,train,clipped,16000,2.417,1.0,5e-05,0.0,0.0061,-11.8,-24.4
Atharvaveda_Part_018_2_0090.wav,train,clipped,16000,5.637,0.979,1e-05,0.0,0.0063,-14.2,-32.6
Atharvaveda_Part_018_2_0093.wav,test,clipped,16000,8.065,1.0,1e-05,1e-05,0.0063,-11.8,-29.2
Atharvaveda_Part_018_2_0096.wav,train,clipped,16000,4.468,1.0,1e-05,1e-05,0.0063,-11.4,-29.1
Atharvaveda_Part_018_2_0097.wav,train,borderline,16000,5.741,1.0,1e-05,0.0,0.0063,-12.8,-25.8
Atharvaveda_Part_018_2_0099.wav,validation,stratified,16000,6.624,1.0,0.0,0.0,0.0063,-9.0,-27.9
Atharvaveda_Part_018_2_0104.wav,train,clipped,16000,6.521,1.0,1e-05,0.0,0.0064,-9.6,-27.1
Atharvaveda_Part_018_2_0114.wav,train,clipped,16000,6.683,1.0,1e-05,0.0,0.0063,-9.7,-28.0
Atharvaveda_Part_018_2_0115.wav,test,clipped,16000,6.712,1.0,3e-05,0.0,0.0064,-10.4,-29.3
Atharvaveda_Part_018_2_0117.wav,train,clipped,16000,6.078,1.0,6e-05,1e-05,0.0063,-12.4,-27.7
Atharvaveda_Part_018_2_0118.wav,train,clipped,16000,4.824,1.0,1e-05,0.0,0.0064,-10.0,-30.2
Atharvaveda_Part_018_2_0122.wav,train,borderline,16000,7.156,1.0,1e-05,0.0,0.0063,-9.8,-29.9
Atharvaveda_Part_018_2_0124.wav,train,clipped,16000,6.303,0.99,9e-05,2e-05,0.0064,-9.5,-30.3
Atharvaveda_Part_018_2_0126.wav,train,clipped,16000,6.071,1.0,2e-05,0.0,0.0064,-11.4,-24.4
Atharvaveda_Part_018_2_0129.wav,train,clipped,16000,5.693,1.0,2e-05,0.0,0.0064,-10.1,-30.5
Atharvaveda_Part_018_2_0130.wav,train,clipped,16000,6.073,1.0,2e-05,1e-05,0.0063,-12.8,-28.5
Atharvaveda_Part_018_2_0132.wav,train,clipped,16000,7.319,0.988,3e-05,1e-05,0.0063,-15.1,-30.0
Atharvaveda_Part_018_2_0140.wav,train,clipped,16000,8.49,0.993,3e-05,0.0,0.0063,-13.2,-30.4
Atharvaveda_Part_018_2_0141.wav,test,clipped,16000,5.006,1.0,1e-05,0.0,0.0064,-10.7,-28.8
Atharvaveda_Part_018_2_0146.wav,train,borderline,16000,6.272,0.995,1e-05,0.0,0.0063,-12.5,-29.8
Atharvaveda_Part_018_2_0147.wav,validation,borderline,16000,6.393,0.995,1e-05,0.0,0.0064,-10.7,-29.9
Atharvaveda_Part_018_2_0149.wav,train,clipped,16000,5.964,1.0,1e-05,0.0,0.0063,-10.0,-29.3
Atharvaveda_Part_018_2_0150.wav,train,clipped,16000,6.883,1.0,3e-05,0.0,0.0063,-11.2,-26.0
Atharvaveda_Part_018_2_0152.wav,train,clipped,16000,6.63,0.995,1e-05,0.0,0.0063,-9.7,-28.9
Atharvaveda_Part_018_2_0154.wav,train,clipped,16000,6.04,0.995,2e-05,0.0,0.0063,-11.2,-28.9
Atharvaveda_Part_018_2_0156.wav,train,clipped,16000,6.296,0.995,2e-05,0.0,0.0063,-12.6,-29.9
Atharvaveda_Part_018_2_0158.wav,train,clipped,16000,6.757,0.987,1e-05,1e-05,0.0063,-11.6,-30.2
Atharvaveda_Part_018_2_0159.wav,train,clipped,16000,6.111,1.0,1e-05,0.0,0.0063,-12.8,-28.3
Atharvaveda_Part_018_2_0160.wav,train,clipped,16000,5.782,0.995,3e-05,0.0,0.0063,-9.8,-14.6
Atharvaveda_Part_018_2_0161.wav,validation,clipped,16000,6.637,0.995,1e-05,0.0,0.0062,-13.0,-29.5
Atharvaveda_Part_018_2_0163.wav,train,clipped,16000,6.625,1.0,3e-05,0.0,0.0063,-12.9,-27.6
Atharvaveda_Part_018_2_0165.wav,train,clipped,16000,6.628,1.0,1e-05,0.0,0.0063,-8.6,-26.6
Atharvaveda_Part_018_2_0166.wav,train,clipped,16000,6.032,0.965,3e-05,0.0,0.0063,-13.9,-32.4
Atharvaveda_Part_018_2_0167.wav,train,clipped,16000,6.88,1.0,3e-05,1e-05,0.0064,-9.7,-27.8
Atharvaveda_Part_018_2_0168.wav,train,clipped,16000,7.396,1.0,3e-05,2e-05,0.0063,-11.7,-27.3
Atharvaveda_Part_018_2_0169.wav,train,clipped,16000,6.238,1.0,5e-05,0.0,0.0063,-15.0,-25.4
Atharvaveda_Part_018_2_0170.wav,train,clipped,16000,7.46,1.0,3e-05,1e-05,0.0063,-16.8,-25.1
Atharvaveda_Part_018_2_0171.wav,train,clipped,16000,5.856,1.0,0.00011,5e-05,0.0063,-7.5,-27.5
Atharvaveda_Part_018_2_0172.wav,train,clipped,16000,6.199,1.0,6e-05,2e-05,0.0063,-11.4,-28.6
Atharvaveda_Part_018_2_0173.wav,train,clipped,16000,5.91,1.0,0.00018,3e-05,0.0064,-11.1,-25.7
Atharvaveda_Part_018_2_0174.wav,train,clipped,16000,6.58,1.0,7e-05,2e-05,0.0063,-10.9,-26.8
Atharvaveda_Part_018_2_0175.wav,train,clipped,16000,7.787,0.996,3e-05,2e-05,0.0064,-12.3,-30.3
Atharvaveda_Part_018_2_0176.wav,train,borderline,16000,6.222,1.0,1e-05,0.0,0.0063,-8.9,-27.3
Atharvaveda_Part_018_2_0177.wav,train,clipped,16000,7.269,0.996,7e-05,1e-05,0.0062,-7.9,-30.4
Atharvaveda_Part_018_2_0178.wav,train,clipped,16000,6.033,1.0,2e-05,1e-05,0.0063,-9.4,-26.8
Atharvaveda_Part_018_2_0179.wav,train,clipped,16000,7.391,0.992,3e-05,0.0,0.0063,-9.8,-31.4
Atharvaveda_Part_018_2_0180.wav,train,clipped,16000,6.066,1.0,3e-05,0.0,0.0062,-8.6,-27.2
Atharvaveda_Part_018_2_0181.wav,train,borderline,16000,6.381,1.0,3e-05,0.0,0.0062,-11.5,-13.5
Atharvaveda_Part_018_2_0182.wav,train,clipped,16000,1.604,1.0,4e-05,4e-05,0.0064,-10.8,-29.9
Atharvaveda_Part_018_2_0183.wav,train,clipped,16000,5.963,1.0,3e-05,1e-05,0.0063,-8.2,-28.4
Atharvaveda_Part_018_2_0185.wav,train,clipped,16000,6.132,1.0,1e-05,0.0,0.0062,-9.0,-27.5
Atharvaveda_Part_018_2_0186.wav,train,clipped,16000,7.814,1.0,4e-05,0.0,0.0063,-7.9,-28.8
Atharvaveda_Part_018_2_0189.wav,train,borderline,16000,6.102,1.0,3e-05,0.0,0.0064,-9.4,-28.3
Atharvaveda_Part_018_2_0192.wav,train,clipped,16000,8.144,1.0,4e-05,2e-05,0.0063,-13.3,-29.2
Atharvaveda_Part_018_2_0193.wav,train,clipped,16000,6.104,0.995,2e-05,0.0,0.0062,-9.6,-29.6
Atharvaveda_Part_018_2_0194.wav,train,clipped,16000,7.542,0.976,2e-05,0.0,0.0064,-10.9,-31.3
Atharvaveda_Part_018_2_0195.wav,train,clipped,16000,5.891,1.0,7e-05,1e-05,0.0063,-9.1,-26.4
Atharvaveda_Part_018_2_0196.wav,train,clipped,16000,7.935,1.0,3e-05,1e-05,0.0063,-8.6,-28.0
Atharvaveda_Part_018_2_0197.wav,train,clipped,16000,6.054,1.0,4e-05,0.0,0.0063,-8.3,-25.8
Atharvaveda_Part_018_2_0198.wav,train,clipped,16000,3.376,0.991,2e-05,0.0,0.0063,-10.6,-31.1
Atharvaveda_Part_018_2_0199.wav,train,borderline,16000,4.245,0.993,1e-05,0.0,0.0064,-11.9,-29.8
Atharvaveda_Part_018_2_0200.wav,train,borderline,16000,5.224,1.0,4e-05,0.0,0.0063,-13.0,-24.4
Atharvaveda_Part_018_2_0201.wav,train,clipped,16000,6.812,1.0,3e-05,0.0,0.0064,-10.1,-29.0
Atharvaveda_Part_018_2_0202.wav,train,clipped,16000,5.932,1.0,5e-05,0.0,0.0062,-10.6,-29.4
Atharvaveda_Part_018_2_0203.wav,train,clipped,16000,5.964,1.0,3e-05,0.0,0.0063,-11.9,-27.8
Atharvaveda_Part_018_2_0204.wav,train,clipped,16000,5.802,1.0,3e-05,1e-05,0.0064,-9.9,-28.8
Atharvaveda_Part_018_2_0206.wav,train,clipped,16000,5.737,1.0,9e-05,1e-05,0.0064,-9.8,-28.2
Atharvaveda_Part_018_2_0207.wav,validation,clipped,16000,6.504,1.0,1e-05,0.0,0.0063,-9.8,-26.0
Atharvaveda_Part_018_2_0208.wav,train,clipped,16000,6.153,1.0,2e-05,0.0,0.0063,-9.8,-28.1
Atharvaveda_Part_018_2_0209.wav,train,clipped,16000,3.599,1.0,0.00016,0.0,0.0063,-12.0,-11.8
Atharvaveda_Part_018_2_0210.wav,train,clipped,16000,9.955,0.988,6e-05,3e-05,0.0063,-10.6,-27.0
Atharvaveda_Part_018_2_0211.wav,train,clipped,16000,6.056,1.0,9e-05,2e-05,0.0063,-13.2,-27.7
Atharvaveda_Part_018_2_0212.wav,train,clipped,16000,6.282,1.0,2e-05,0.0,0.0064,-12.1,-28.5
Atharvaveda_Part_018_2_0214.wav,train,clipped,16000,6.033,0.99,6e-05,0.0,0.0064,-10.7,-28.6
Atharvaveda_Part_018_2_0215.wav,train,clipped,16000,5.623,0.995,3e-05,1e-05,0.0063,-10.7,-28.4
Atharvaveda_Part_018_2_0216.wav,train,clipped,16000,6.487,0.991,1e-05,1e-05,0.0063,-8.9,-29.5
Atharvaveda_Part_018_2_0217.wav,train,clipped,16000,5.351,1.0,4e-05,0.0,0.0063,-9.4,-28.7
Atharvaveda_Part_018_2_0218.wav,test,clipped,16000,4.645,1.0,4e-05,1e-05,0.0063,-8.3,-13.0
Atharvaveda_Part_018_2_0219.wav,train,clipped,16000,2.833,1.0,4e-05,2e-05,0.0062,-10.3,-28.4
Atharvaveda_Part_018_2_0220.wav,train,clipped,16000,7.383,0.996,9e-05,3e-05,0.0063,-8.0,-29.2
Atharvaveda_Part_018_2_0221.wav,validation,clipped,16000,6.514,0.991,4e-05,1e-05,0.0064,-12.2,-30.2
Atharvaveda_Part_018_2_0222.wav,train,clipped,16000,7.568,0.996,1e-05,0.0,0.0063,-8.3,-30.2
Atharvaveda_Part_018_2_0223.wav,train,clipped,16000,6.104,1.0,0.0001,1e-05,0.0064,-12.3,-27.5
Atharvaveda_Part_018_2_0224.wav,train,clipped,16000,7.292,1.0,6e-05,2e-05,0.0062,-7.8,-27.7
Atharvaveda_Part_018_2_0225.wav,train,clipped,16000,12.837,1.0,0.00011,3e-05,0.0063,-12.9,-30.6
Atharvaveda_Part_018_2_0226.wav,validation,clipped,16000,5.919,1.0,6e-05,2e-05,0.0064,-13.1,-27.4
Atharvaveda_Part_018_2_0227.wav,train,clipped,16000,6.372,1.0,3e-05,0.0,0.0063,-8.6,-24.8
Atharvaveda_Part_018_2_0228.wav,train,clipped,16000,6.205,0.981,8e-05,2e-05,0.0063,-7.8,-30.6
Atharvaveda_Part_018_2_0229.wav,test,clipped,16000,6.836,1.0,2e-05,0.0,0.0063,-9.8,-29.7
Atharvaveda_Part_018_2_0230.wav,validation,clipped,16000,6.607,1.0,3e-05,2e-05,0.0064,-9.6,-26.5
Atharvaveda_Part_018_2_0231.wav,train,clipped,16000,6.679,0.991,4e-05,1e-05,0.0064,-8.8,-30.5
Atharvaveda_Part_018_2_0232.wav,validation,clipped,16000,6.054,1.0,0.00013,1e-05,0.0063,-10.2,-28.1
Atharvaveda_Part_018_2_0233.wav,train,clipped,16000,6.406,0.991,4e-05,0.0,0.0063,-12.6,-31.9
Atharvaveda_Part_018_2_0234.wav,train,clipped,16000,6.139,1.0,7e-05,2e-05,0.0063,-10.4,-28.1
Atharvaveda_Part_018_2_0235.wav,train,clipped,16000,7.189,1.0,3e-05,0.0,0.0063,-10.7,-25.5
Atharvaveda_Part_018_2_0236.wav,train,clipped,16000,4.34,1.0,1e-05,0.0,0.0062,-8.6,-27.8
Atharvaveda_Part_018_2_0237.wav,validation,clipped,16000,4.692,1.0,8e-05,1e-05,0.0064,-8.9,-27.8
Atharvaveda_Part_018_2_0238.wav,train,clipped,16000,7.075,1.0,3e-05,0.0,0.0063,-10.0,-26.9
Atharvaveda_Part_018_2_0239.wav,train,clipped,16000,6.681,1.0,1e-05,0.0,0.0062,-9.8,-27.1
Atharvaveda_Part_018_2_0240.wav,train,clipped,16000,6.694,0.996,6e-05,0.0,0.0063,-13.8,-28.3
Atharvaveda_Part_018_2_0241.wav,train,borderline,16000,6.055,1.0,1e-05,0.0,0.0063,-8.1,-25.1
Atharvaveda_Part_018_2_0242.wav,train,clipped,16000,6.654,1.0,7e-05,1e-05,0.0062,-8.1,-28.8
Atharvaveda_Part_018_2_0243.wav,train,clipped,16000,5.896,1.0,8e-05,2e-05,0.0063,-8.6,-28.6
Atharvaveda_Part_018_2_0244.wav,train,clipped,16000,5.669,1.0,6e-05,0.0,0.0064,-13.1,-28.0
Atharvaveda_Part_018_2_0245.wav,train,clipped,16000,5.18,1.0,1e-05,0.0,0.0062,-10.7,-26.5
Atharvaveda_Part_018_2_0246.wav,train,clipped,16000,6.545,0.995,2e-05,1e-05,0.0063,-12.6,-28.4
Atharvaveda_Part_018_2_0247.wav,train,clipped,16000,6.394,0.995,2e-05,0.0,0.0063,-9.3,-28.1
Atharvaveda_Part_018_2_0248.wav,train,clipped,16000,5.365,1.0,7e-05,1e-05,0.0063,-11.5,-25.6
Atharvaveda_Part_018_2_0249.wav,train,clipped,16000,5.867,1.0,3e-05,0.0,0.0063,-14.9,-27.1
Atharvaveda_Part_018_2_0250.wav,train,clipped,16000,6.52,1.0,4e-05,0.0,0.0062,-11.6,-30.0
Atharvaveda_Part_018_2_0251.wav,train,clipped,16000,6.118,0.99,4e-05,1e-05,0.0062,-8.4,-31.2
Atharvaveda_Part_018_2_0252.wav,train,clipped,16000,6.273,1.0,6e-05,0.0,0.0064,-8.4,-28.4
Atharvaveda_Part_018_2_0253.wav,train,clipped,16000,4.904,1.0,6e-05,1e-05,0.0062,-8.1,-27.8
Atharvaveda_Part_018_2_0254.wav,train,clipped,16000,6.716,0.964,4e-05,1e-05,0.0062,-13.9,-29.3
Atharvaveda_Part_018_2_0255.wav,train,clipped,16000,6.401,0.972,9e-05,1e-05,0.0063,-11.8,-30.2
Atharvaveda_Part_018_2_0256.wav,train,clipped,16000,5.879,1.0,0.00014,3e-05,0.0062,-9.5,-27.4
Atharvaveda_Part_018_2_0257.wav,train,clipped,16000,6.587,0.995,9e-05,0.0,0.0064,-15.2,-29.2
Atharvaveda_Part_018_2_0258.wav,validation,clipped,16000,5.88,0.985,1e-05,0.0,0.0062,-9.2,-31.0
Atharvaveda_Part_018_2_0259.wav,train,clipped,16000,4.8,1.0,0.00012,0.0,0.0062,-11.6,-26.1
Atharvaveda_Part_018_2_0260.wav,test,clipped,16000,6.088,0.975,4e-05,1e-05,0.0063,-9.3,-32.3
Atharvaveda_Part_018_2_0261.wav,train,clipped,16000,6.048,0.995,1e-05,0.0,0.0063,-11.3,-30.6
Atharvaveda_Part_018_2_0262.wav,train,clipped,16000,5.246,0.994,0.0001,1e-05,0.0064,-9.9,-29.4
Atharvaveda_Part_018_2_0263.wav,train,clipped,16000,5.799,1.0,2e-05,0.0,0.0063,-9.0,-29.0
Atharvaveda_Part_018_2_0264.wav,validation,clipped,16000,7.055,0.996,4e-05,2e-05,0.0063,-7.8,-29.5
Atharvaveda_Part_018_2_0265.wav,train,clipped,16000,3.798,0.992,0.00015,2e-05,0.0065,-9.3,-31.3
Atharvaveda_Part_018_2_0267.wav,train,clipped,16000,10.553,0.991,7e-05,0.0,0.0063,-9.0,-29.0
Atharvaveda_Part_018_2_0268.wav,train,clipped,16000,4.992,1.0,5e-05,1e-05,0.0062,-7.8,-26.4
Atharvaveda_Part_018_2_0269.wav,train,clipped,16000,5.697,0.989,5e-05,1e-05,0.0063,-8.0,-30.9
Atharvaveda_Part_018_2_0271.wav,train,clipped,16000,8.547,0.996,4e-05,1e-05,0.0063,-9.7,-30.6
Atharvaveda_Part_018_2_0290.wav,train,clipped,16000,9.95,1.0,4e-05,0.0,0.0063,-11.2,-29.3
Atharvaveda_Part_018_2_0291.wav,train,clipped,16000,5.675,0.989,2e-05,0.0,0.0064,-9.6,-31.2
Atharvaveda_Part_018_2_0292.wav,train,clipped,16000,7.288,1.0,8e-05,1e-05,0.0063,-15.0,-28.1
Atharvaveda_Part_018_2_0293.wav,train,clipped,16000,6.551,0.995,0.0001,2e-05,0.0063,-10.0,-26.1
Atharvaveda_Part_018_2_0294.wav,train,clipped,16000,6.662,0.995,0.0001,3e-05,0.0063,-8.9,-28.3
Atharvaveda_Part_018_2_0295.wav,train,clipped,16000,7.056,0.996,7e-05,2e-05,0.0062,-9.8,-27.5
Atharvaveda_Part_018_2_0296.wav,train,clipped,16000,3.671,1.0,5e-05,2e-05,0.0061,-13.3,-26.4
Atharvaveda_Part_018_2_0300.wav,train,clipped,16000,6.188,1.0,0.00016,4e-05,0.0063,-8.7,-28.7
Atharvaveda_Part_018_2_0301.wav,train,clipped,16000,8.144,1.0,0.00021,4e-05,0.0064,-9.1,-25.5
Atharvaveda_Part_018_2_0302.wav,train,clipped,16000,6.803,1.0,0.00014,2e-05,0.0063,-12.4,-28.9
Atharvaveda_Part_018_2_0303.wav,train,clipped,16000,7.317,1.0,0.0001,2e-05,0.0062,-10.0,-16.7
Atharvaveda_Part_018_2_0304.wav,train,clipped,16000,4.203,1.0,3e-05,1e-05,0.0062,-10.2,-29.9
Atharvaveda_Part_018_2_0305.wav,train,clipped,16000,6.331,0.991,5e-05,3e-05,0.0062,-9.4,-29.4
Atharvaveda_Part_018_2_0306.wav,train,clipped,16000,3.897,1.0,0.00026,5e-05,0.0063,-10.8,-27.7
Atharvaveda_Part_018_2_0307.wav,test,clipped,16000,6.194,1.0,7e-05,4e-05,0.0063,-8.6,-28.0
Atharvaveda_Part_018_2_0309.wav,train,clipped,16000,6.058,1.0,2e-05,0.0,0.0061,-8.9,-28.1
Atharvaveda_Part_018_2_0311.wav,train,clipped,16000,10.43,1.0,4e-05,1e-05,0.0063,-12.8,-29.6
Atharvaveda_Part_018_2_0312.wav,train,clipped,16000,6.229,1.0,2e-05,0.0,0.0062,-11.5,-27.4
Atharvaveda_Part_018_2_0313.wav,train,clipped,16000,3.712,1.0,3e-05,0.0,0.0063,-9.5,-26.7
Atharvaveda_Part_018_2_0314.wav,train,clipped,16000,6.092,0.995,3e-05,2e-05,0.0063,-9.4,-28.0
Atharvaveda_Part_018_2_0315.wav,train,clipped,16000,3.88,0.992,0.00016,0.0,0.0062,-12.3,-29.4
Atharvaveda_Part_018_2_0316.wav,train,clipped,16000,6.213,1.0,0.00013,1e-05,0.0064,-8.5,-26.3
Atharvaveda_Part_018_2_0317.wav,train,clipped,16000,3.798,1.0,0.0003,3e-05,0.0063,-10.4,-27.7
Atharvaveda_Part_018_2_0318.wav,train,clipped,16000,9.979,1.0,7e-05,1e-05,0.0062,-9.5,-28.6
Atharvaveda_Part_018_2_0319.wav,train,clipped,16000,6.229,0.995,0.00016,3e-05,0.0063,-8.0,-29.0
Atharvaveda_Part_018_2_0320.wav,train,clipped,16000,5.782,1.0,9e-05,0.0,0.0063,-9.6,-26.7
Atharvaveda_Part_018_2_0321.wav,train,clipped,16000,5.149,1.0,0.00024,6e-05,0.0062,-7.2,-28.2
Atharvaveda_Part_018_2_0322.wav,train,clipped,16000,5.805,1.0,9e-05,0.0,0.0062,-7.4,-29.0
Atharvaveda_Part_018_2_0323.wav,validation,clipped,16000,7.077,1.0,9e-05,1e-05,0.0062,-7.6,-29.3
Atharvaveda_Part_018_2_0324.wav,test,clipped,16000,2.656,0.989,0.00028,0.00012,0.0065,-11.4,-29.1
Atharvaveda_Part_018_2_0325.wav,train,clipped,16000,10.71,1.0,8e-05,2e-05,0.0063,-9.4,-16.9
Atharvaveda_Part_018_2_0326.wav,train,clipped,16000,2.117,1.0,6e-05,0.0,0.0062,-9.1,-26.5
Atharvaveda_Part_018_2_0327.wav,train,clipped,16000,6.032,1.0,5e-05,0.0,0.0064,-11.5,-21.3
Atharvaveda_Part_018_2_0328.wav,train,clipped,16000,6.796,0.996,0.00014,2e-05,0.0063,-7.2,-29.0
Atharvaveda_Part_018_2_0329.wav,train,clipped,16000,6.376,1.0,0.00015,1e-05,0.0063,-8.6,-27.0
Atharvaveda_Part_018_2_0330.wav,train,clipped,16000,7.413,1.0,0.00016,6e-05,0.0064,-7.8,-26.7
Atharvaveda_Part_018_2_0331.wav,test,clipped,16000,5.256,0.994,0.0001,1e-05,0.0063,-8.7,-30.2
Atharvaveda_Part_018_2_0332.wav,test,clipped,16000,4.795,1.0,0.0001,0.0,0.0062,-10.3,-26.1
Atharvaveda_Part_018_2_0333.wav,test,clipped,16000,4.494,1.0,0.0001,0.0,0.0063,-10.3,-27.3
Atharvaveda_Part_018_2_0334.wav,train,clipped,16000,4.727,1.0,0.00022,4e-05,0.0062,-9.0,-29.2
Atharvaveda_Part_018_2_0335.wav,test,clipped,16000,4.783,1.0,0.00012,1e-05,0.0062,-8.8,-28.7
Atharvaveda_Part_018_2_0336.wav,test,clipped,16000,7.075,1.0,6e-05,1e-05,0.0063,-7.8,-26.7
Atharvaveda_Part_018_2_0337.wav,train,clipped,16000,7.311,1.0,0.0001,4e-05,0.0063,-10.8,-27.1
Atharvaveda_Part_018_2_0338.wav,train,clipped,16000,7.088,0.996,2e-05,0.0,0.0063,-9.4,-30.2
Atharvaveda_Part_018_2_0340.wav,train,clipped,16000,6.111,1.0,2e-05,0.0,0.0063,-10.2,-28.9
Atharvaveda_Part_018_2_0341.wav,train,clipped,16000,7.02,0.996,0.0002,4e-05,0.0062,-10.3,-28.1
Atharvaveda_Part_018_2_0342.wav,train,clipped,16000,5.974,1.0,0.0002,3e-05,0.0062,-8.5,-28.9
Atharvaveda_Part_018_2_0343.wav,train,clipped,16000,5.82,1.0,4e-05,1e-05,0.0063,-9.3,-27.2
Atharvaveda_Part_018_2_0344.wav,train,clipped,16000,6.086,1.0,0.0001,0.0,0.0063,-9.0,-28.9
Atharvaveda_Part_018_2_0345.wav,train,clipped,16000,8.521,1.0,0.00035,4e-05,0.0063,-9.7,-27.1
Atharvaveda_Part_018_2_0346.wav,train,clipped,16000,12.677,0.988,7e-05,0.0,0.0063,-12.6,-32.6
Atharvaveda_Part_018_2_0347.wav,test,clipped,16000,14.145,0.989,0.00014,2e-05,0.0063,-9.0,-31.6
Atharvaveda_Part_018_2_0348.wav,test,clipped,16000,4.384,1.0,0.00014,3e-05,0.0063,-10.7,-19.8
Atharvaveda_Part_018_2_0349.wav,train,clipped,16000,6.023,1.0,7e-05,2e-05,0.0064,-24.7,-28.6
Atharvaveda_Part_018_2_0350.wav,train,clipped,16000,5.557,0.984,0.0001,1e-05,0.0063,-10.7,-31.4
Atharvaveda_Part_018_2_0351.wav,train,clipped,16000,5.294,0.989,5e-05,0.0,0.0064,-9.2,-31.7
Atharvaveda_Part_018_2_0352.wav,train,clipped,16000,6.028,1.0,9e-05,3e-05,0.0063,-9.2,-30.1
Atharvaveda_Part_018_2_0353.wav,train,clipped,16000,7.333,0.992,0.00011,3e-05,0.0063,-8.3,-27.8
Atharvaveda_Part_018_2_0354.wav,train,clipped,16000,7.206,0.992,7e-05,1e-05,0.0063,-9.7,-29.2
Atharvaveda_Part_018_2_0355.wav,test,clipped,16000,6.097,1.0,9e-05,1e-05,0.0064,-10.6,-22.6
Atharvaveda_Part_018_2_0356.wav,train,clipped,16000,6.441,0.995,8e-05,3e-05,0.0062,-11.0,-30.3
Atharvaveda_Part_018_2_0357.wav,train,clipped,16000,5.2,0.994,4e-05,1e-05,0.0062,-10.4,-30.1
Atharvaveda_Part_018_2_0358.wav,train,clipped,16000,6.008,0.995,0.00012,1e-05,0.0062,-10.3,-28.1
Atharvaveda_Part_018_2_0359.wav,train,clipped,16000,6.146,1.0,0.00011,3e-05,0.0062,-7.9,-30.6
Atharvaveda_Part_018_2_0360.wav,test,clipped,16000,6.374,0.986,7e-05,0.0,0.0063,-10.1,-31.5
Atharvaveda_Part_018_2_0361.wav,train,clipped,16000,5.719,0.995,0.00014,7e-05,0.0063,-11.9,-30.4
Atharvaveda_Part_018_2_0362.wav,train,clipped,16000,7.385,0.992,0.00011,3e-05,0.0062,-13.9,-30.0
Atharvaveda_Part_018_2_0363.wav,train,clipped,16000,5.932,1.0,5e-05,1e-05,0.0064,-9.2,-28.5
Atharvaveda_Part_018_2_0364.wav,train,clipped,16000,5.896,1.0,0.00019,8e-05,0.0063,-7.1,-27.4
Atharvaveda_Part_018_2_0365.wav,validation,clipped,16000,5.958,1.0,0.00028,3e-05,0.0062,-11.5,-28.6
Atharvaveda_Part_018_2_0366.wav,train,clipped,16000,6.696,1.0,0.00015,2e-05,0.0063,-7.3,-27.0
Atharvaveda_Part_018_2_0367.wav,validation,clipped,16000,6.963,0.996,0.00018,4e-05,0.0061,-9.5,-28.7
Atharvaveda_Part_018_2_0368.wav,train,clipped,16000,5.696,1.0,0.00011,3e-05,0.0064,-9.4,-29.4
Atharvaveda_Part_018_2_0369.wav,validation,clipped,16000,6.171,0.956,0.0001,1e-05,0.0063,-9.8,-33.2
Atharvaveda_Part_018_2_0370.wav,train,clipped,16000,6.42,0.995,0.00017,4e-05,0.0063,-7.2,-28.9
Atharvaveda_Part_018_2_0371.wav,train,clipped,16000,3.708,1.0,3e-05,3e-05,0.0063,-12.1,-14.2
Atharvaveda_Part_018_2_0372.wav,train,clipped,16000,3.195,1.0,0.00014,0.0,0.0062,-12.8,-26.8
Atharvaveda_Part_018_2_0373.wav,train,clipped,16000,6.608,1.0,8e-05,1e-05,0.0062,-9.4,-28.1
Atharvaveda_Part_018_2_0374.wav,train,clipped,16000,5.972,1.0,0.00018,5e-05,0.0063,-7.9,-27.2
Atharvaveda_Part_018_2_0375.wav,train,clipped,16000,6.39,0.995,9e-05,0.0,0.0063,-9.1,-28.8
Atharvaveda_Part_018_2_0376.wav,test,clipped,16000,6.105,0.995,6e-05,0.0,0.0063,-8.8,-29.3
Atharvaveda_Part_018_2_0377.wav,train,clipped,16000,4.546,1.0,0.00011,3e-05,0.0063,-12.3,-27.0
Atharvaveda_Part_018_2_0378.wav,test,clipped,16000,4.57,1.0,5e-05,0.0,0.0063,-9.3,-25.9
Atharvaveda_Part_018_2_0379.wav,train,clipped,16000,4.492,1.0,0.00015,4e-05,0.0065,-9.2,-28.9
Atharvaveda_Part_018_2_0380.wav,train,clipped,16000,3.804,1.0,2e-05,0.0,0.0063,-11.5,-26.2
Atharvaveda_Part_018_2_0381.wav,train,clipped,16000,5.259,1.0,0.00025,5e-05,0.0063,-8.1,-26.7
Atharvaveda_Part_018_2_0382.wav,train,clipped,16000,5.038,0.994,0.00015,4e-05,0.0062,-8.2,-30.5
Atharvaveda_Part_018_2_0383.wav,test,clipped,16000,6.867,1.0,4e-05,1e-05,0.0062,-9.2,-26.1
Atharvaveda_Part_018_2_0384.wav,train,clipped,16000,7.211,1.0,3e-05,1e-05,0.0062,-8.1,-27.5
Atharvaveda_Part_018_2_0385.wav,train,clipped,16000,4.787,1.0,0.00012,0.0,0.0064,-8.6,-27.7
Atharvaveda_Part_018_2_0386.wav,train,clipped,16000,4.732,1.0,0.00011,4e-05,0.0061,-9.3,-26.3
Atharvaveda_Part_018_2_0387.wav,train,clipped,16000,5.795,0.995,4e-05,0.0,0.0061,-8.9,-28.3
Atharvaveda_Part_018_2_0388.wav,train,clipped,16000,5.842,1.0,4e-05,1e-05,0.0062,-8.7,-28.9
Atharvaveda_Part_018_2_0389.wav,train,clipped,16000,4.641,1.0,4e-05,0.0,0.0063,-11.3,-26.3
Atharvaveda_Part_018_2_0390.wav,train,clipped,16000,4.391,0.993,6e-05,1e-05,0.0063,-8.6,-30.9
Atharvaveda_Part_018_2_0391.wav,train,clipped,16000,6.058,0.995,3e-05,0.0,0.0062,-9.8,-25.9
Atharvaveda_Part_018_2_0392.wav,train,clipped,16000,6.023,0.995,4e-05,1e-05,0.0062,-7.7,-30.5
Atharvaveda_Part_018_2_0393.wav,validation,clipped,16000,6.148,1.0,4e-05,2e-05,0.0062,-8.8,-30.5
Atharvaveda_Part_018_2_0396.wav,train,clipped,16000,13.273,0.993,1e-05,0.0,0.0063,-13.2,-31.2
Atharvaveda_Part_018_2_0397.wav,train,clipped,16000,6.154,1.0,4e-05,0.0,0.0063,-12.1,-28.8
Atharvaveda_Part_018_2_0398.wav,train,clipped,16000,6.278,1.0,7e-05,0.0,0.0064,-9.0,-27.7
Atharvaveda_Part_018_2_0400.wav,train,clipped,16000,2.811,1.0,4e-05,0.0,0.0063,-12.6,-27.8
Atharvaveda_Part_018_2_0403.wav,train,clipped,16000,5.507,1.0,1e-05,1e-05,0.0062,-10.7,-26.3
Atharvaveda_Part_018_2_0404.wav,train,clipped,16000,5.684,1.0,2e-05,0.0,0.0063,-10.8,-28.1
Atharvaveda_Part_018_2_0405.wav,validation,clipped,16000,6.657,1.0,6e-05,2e-05,0.0064,-9.3,-28.5
Atharvaveda_Part_018_2_0407.wav,train,clipped,16000,10.533,0.997,3e-05,1e-05,0.0062,-13.5,-28.3
Atharvaveda_Part_018_2_0408.wav,train,clipped,16000,7.186,0.987,3e-05,0.0,0.0062,-10.0,-30.5
Atharvaveda_Part_018_2_0409.wav,train,borderline,16000,3.721,1.0,2e-05,0.0,0.0062,-9.5,-27.7
Atharvaveda_Part_018_2_0410.wav,train,clipped,16000,21.108,1.0,3e-05,1e-05,0.0063,-8.9,-28.1
Atharvaveda_Part_018_2_0411.wav,train,clipped,16000,5.823,0.995,5e-05,1e-05,0.0063,-9.8,-29.5
Atharvaveda_Part_018_2_0412.wav,train,clipped,16000,5.83,1.0,3e-05,1e-05,0.0063,-12.4,-28.0
Atharvaveda_Part_018_2_0414.wav,train,clipped,16000,4.032,0.993,3e-05,2e-05,0.0063,-8.7,-28.3
Atharvaveda_Part_018_2_0415.wav,train,borderline,16000,5.366,1.0,2e-05,0.0,0.0063,-13.7,-26.2
Atharvaveda_Part_018_2_0416.wav,train,clipped,16000,3.355,1.0,2e-05,0.0,0.0063,-10.5,-25.9
Atharvaveda_Part_018_2_0417.wav,train,clipped,16000,5.288,0.989,4e-05,0.0,0.0064,-11.4,-29.2
Atharvaveda_Part_018_2_0418.wav,test,borderline,16000,4.367,1.0,0.0,0.0,0.0062,-8.0,-17.5
Atharvaveda_Part_018_2_0419.wav,train,clipped,16000,4.299,1.0,0.00019,1e-05,0.0061,-9.0,-28.0
Atharvaveda_Part_018_2_0420.wav,train,borderline,16000,2.751,1.0,2e-05,0.0,0.0062,-9.2,-26.2
Atharvaveda_Part_018_2_0422.wav,train,clipped,16000,6.998,1.0,4e-05,0.0,0.0063,-10.1,-15.9
Atharvaveda_Part_019_1_0076.wav,train,clipped,16000,7.777,1.0,2e-05,0.0,0.0056,-9.7,-23.6
Atharvaveda_Part_019_2_0356.wav,train,stratified,16000,4.716,0.975,0.0,0.0,0.0038,-17.6,-34.7
Atharvaveda_Part_020_10010.wav,train,clipped,16000,6.378,1.0,1e-05,0.0,0.0056,-10.1,-24.6
Atharvaveda_Part_020_10059.wav,validation,stratified,16000,4.207,1.0,0.0,0.0,0.0054,-8.4,-24.9
Atharvaveda_Part_020_10277.wav,test,stratified,16000,4.815,1.0,0.0,0.0,0.0056,-8.1,-21.7
Atharvaveda_Part_020_10315.wav,test,stratified,16000,6.351,1.0,0.0,0.0,0.0055,-8.6,-21.8
Atharvaveda_Part_020_10339.wav,test,stratified,16000,5.28,1.0,0.0,0.0,0.0056,-13.0,-23.6
Atharvaveda_Part_020_20165.wav,test,stratified,16000,3.002,0.89,0.0,0.0,0.0063,-14.5,-40.1
Atharvaveda_Part_020_20314.wav,train,stratified,16000,5.081,0.959,0.0,0.0,0.0063,-13.6,-40.1
Atharvaveda_Part_020_20389.wav,train,stratified,16000,6.468,0.963,0.0,0.0,0.0063,-11.2,-37.7
Atharvaveda_Part_020_20482.wav,validation,clipped,16000,5.731,0.99,1e-05,0.0,0.0063,-11.4,-35.7
Atharvaveda_Part_020_20496.wav,train,stratified,16000,5.44,0.939,0.0,0.0,0.0063,-12.2,-40.0
Atharvaveda_Part_020_30027.wav,test,stratified,16000,5.212,0.988,0.0,0.0,0.0064,-13.4,-35.3
Atharvaveda_Part_020_30126.wav,validation,stratified,16000,7.398,1.0,0.0,0.0,0.0064,-10.2,-32.8
Atharvaveda_Part_020_30375.wav,train,stratified,16000,6.562,0.954,0.0,0.0,0.0064,-17.4,-37.1
Atharvaveda_Part_020_40088.wav,train,clipped,16000,6.676,0.964,1e-05,0.0,0.0037,-9.8,-39.7
Atharvaveda_Part_020_40225.wav,validation,stratified,16000,3.206,0.953,0.0,0.0,0.0037,-11.0,-38.5
Atharvaveda_Part_020_40369.wav,test,stratified,16000,6.431,0.939,0.0,0.0,0.0037,-13.2,-38.0
Atharvaveda_Part_020_40432.wav,train,stratified,16000,6.391,0.944,0.0,0.0,0.0037,-14.3,-40.8
RigVeda_42_0058.wav,validation,stratified,16000,6.991,0.97,0.0,0.0,0.0003,-18.4,-43.5
RigVeda_44_0276.wav,test,stratified,16000,6.403,0.967,0.0,0.0,0.0003,-37.4,-34.2
RigVeda_44_0288.wav,test,stratified,16000,3.891,0.961,0.0,0.0,0.0003,-24.6,-43.2
RigVeda_44_0380.wav,test,stratified,16000,3.396,0.965,0.0,0.0,0.0003,-17.8,-42.6
RigVeda_46_0174.wav,train,stratified,16000,7.589,0.988,0.0,0.0,0.0002,-23.3,-23.1
RigVeda_46_0256.wav,validation,stratified,16000,6.936,0.991,0.0,0.0,0.0002,-17.6,-37.4
RigVeda_46_0295.wav,train,stratified,16000,8.053,0.974,0.0,0.0,0.0002,-24.7,-45.9
Rig_veda_45_0297.wav,validation,stratified,16000,3.355,0.955,0.0,0.0,0.0006,-43.6,-20.9
Rig_veda_54_0204.wav,validation,stratified,16000,3.619,1.0,0.0,0.0,0.0002,-22.2,-18.4
Rigveda_29_0003.wav,validation,stratified,16000,7.4,0.988,0.0,0.0,0.0001,-18.3,-44.7
Rigveda_30_0031.wav,test,stratified,16000,7.24,0.967,0.0,0.0,0.0002,-22.9,-44.6
Rigveda_30_0055.wav,test,stratified,16000,7.226,0.983,0.0,0.0,0.0002,-26.6,-37.4
Rigveda_31_0081.wav,test,stratified,16000,7.746,0.984,0.0,0.0,-0.0,-18.7,-40.3
Rigveda_32_0215.wav,train,stratified,16000,6.063,0.96,0.0,0.0,-0.0,-21.1,-40.8
Rigveda_33_0329.wav,validation,stratified,16000,5.946,0.975,0.0,0.0,0.0011,-28.8,-39.4
Rigveda_34_0016.wav,test,stratified,16000,5.914,0.939,0.0,0.0,-0.0,-29.0,-42.1
Rigveda_34_0042.wav,validation,stratified,16000,9.863,0.945,0.0,0.0,-0.0,-26.8,-41.1
Rigveda_35_0124.wav,validation,stratified,16000,6.897,0.913,0.0,0.0,-0.0001,-37.7,-41.3
Rigveda_35_0227.wav,validation,stratified,16000,5.205,0.977,0.0,0.0,-0.0001,-26.3,-31.7
Rigveda_35_0349.wav,validation,stratified,16000,7.542,0.98,0.0,0.0,-0.0001,-37.1,-18.7
Rigveda_36_0121.wav,validation,stratified,16000,3.208,0.915,0.0,0.0,-0.0,-39.4,-38.5
Rigveda_37_0002.wav,train,quiet,16000,1.853,0.787,0.0,0.0,0.0009,-35.0,-30.8
Rigveda_37_0030.wav,test,stratified,16000,7.157,0.996,0.0,0.0,0.0007,-24.3,-28.5
Rigveda_37_0097.wav,validation,stratified,16000,1.994,0.909,0.0,0.0,0.0007,-19.6,-42.0
Rigveda_37_0162.wav,validation,stratified,16000,5.676,0.931,0.0,0.0,0.0006,-44.0,-15.5
Rigveda_38_0131.wav,test,stratified,16000,3.156,0.971,0.0,0.0,0.0004,-18.4,-41.6
Rigveda_38_0280.wav,test,stratified,16000,3.0,0.94,0.0,0.0,0.0004,-22.8,-42.4
Rigveda_39_0001.wav,train,clipped,16000,12.339,0.886,0.0001,0.0,0.0459,-26.7,-14.4
Rigveda_39_0002.wav,test,clipped,16000,10.383,0.936,0.00016,1e-05,0.046,-19.6,-25.3
Rigveda_39_0004.wav,train,clipped,16000,9.996,0.934,6e-05,2e-05,0.046,-25.0,-26.3
Rigveda_39_0011.wav,train,clipped,16000,9.103,0.927,2e-05,0.0,0.0392,-27.1,-26.6
Rigveda_39_0019.wav,train,clipped,16000,22.202,0.914,1e-05,0.0,0.0392,-26.7,-15.5
Rigveda_39_0022.wav,validation,clipped,16000,6.062,0.965,1e-05,0.0,0.0384,-23.0,-26.6
Rigveda_39_0028.wav,train,clipped,16000,11.566,0.932,1e-05,0.0,0.0388,-16.2,-25.0
Rigveda_39_0031.wav,train,borderline,16000,2.864,0.884,2e-05,0.0,0.037,-27.2,-13.8
Rigveda_39_0035.wav,validation,borderline,16000,3.205,0.972,0.0,0.0,0.0381,-23.1,-25.9
Rigveda_39_0040.wav,test,clipped,16000,2.875,0.853,2e-05,0.0,0.0372,-26.6,-26.4
Rigveda_39_0044.wav,train,borderline,16000,7.541,0.944,1e-05,0.0,0.0393,-27.0,-17.4
Rigveda_39_0047.wav,validation,borderline,16000,9.597,0.931,1e-05,0.0,0.0391,-26.7,-26.8
Rigveda_39_0065.wav,train,borderline,16000,9.257,0.942,1e-05,0.0,0.0377,-15.4,-26.5
Rigveda_39_0071.wav,train,borderline,16000,4.118,0.832,2e-05,0.0,0.0386,-27.5,-16.4
Rigveda_39_0094.wav,test,borderline,16000,9.197,0.915,1e-05,0.0,0.0386,-25.2,-27.1
Rigveda_39_0095.wav,train,borderline,16000,18.115,0.92,0.0,0.0,0.0381,-27.3,-27.0
Rigveda_39_0096.wav,validation,borderline,16000,6.3,0.948,0.0,0.0,0.0369,-27.2,-26.3
Rigveda_39_0103.wav,train,borderline,16000,12.623,0.933,1e-05,0.0,0.037,-26.5,-26.6
Rigveda_39_0106.wav,validation,borderline,16000,17.788,0.939,0.0,0.0,0.0388,-27.2,-26.7
Rigveda_39_0109.wav,train,borderline,16000,4.994,0.958,1e-05,0.0,0.0378,-25.0,-25.8
Rigveda_39_0119.wav,train,borderline,16000,8.612,0.948,1e-05,0.0,0.0376,-26.9,-22.1
Rigveda_39_0120.wav,train,borderline,16000,17.529,0.947,0.0,0.0,0.037,-27.0,-26.1
Rigveda_39_0121.wav,train,borderline,16000,8.529,0.958,0.0,0.0,0.0379,-16.5,-26.6
Rigveda_39_0126.wav,train,borderline,16000,15.901,0.94,1e-05,0.0,0.0375,-25.3,-26.2
Rigveda_39_0127.wav,train,borderline,16000,23.519,0.953,0.0,0.0,0.0378,-24.7,-26.3
Rigveda_39_0128.wav,train,clipped,16000,24.089,0.935,0.0,0.0,0.0382,-26.9,-26.0
Rigveda_39_0134.wav,train,clipped,16000,16.959,0.949,1e-05,0.0,0.0373,-27.3,-26.0
Rigveda_39_0137.wav,train,borderline,16000,11.628,0.948,0.0,0.0,0.0385,-17.5,-25.7
Rigveda_39_0140.wav,validation,clipped,16000,7.204,0.929,1e-05,0.0,0.0374,-26.9,-26.4
Rigveda_39_0142.wav,train,borderline,16000,7.621,0.941,1e-05,0.0,0.0371,-27.4,-26.5
Rigveda_39_0143.wav,train,borderline,16000,14.008,0.946,0.0,0.0,0.0382,-15.9,-26.5
Rigveda_39_0147.wav,validation,borderline,16000,5.441,0.956,1e-05,0.0,0.0386,-27.0,-26.8
Rigveda_39_0151.wav,validation,borderline,16000,7.369,0.955,1e-05,0.0,0.0373,-27.2,-25.8
Rigveda_39_0153.wav,train,borderline,16000,6.716,0.924,1e-05,0.0,0.0369,-27.1,-27.0
Rigveda_39_0154.wav,train,borderline,16000,12.864,0.958,0.0,0.0,0.0365,-21.0,-26.1
Rigveda_39_0155.wav,train,borderline,16000,12.683,0.948,0.0,0.0,0.0358,-26.8,-16.9
Rigveda_39_0156.wav,train,borderline,16000,13.668,0.941,1e-05,0.0,0.038,-26.3,-25.5
Rigveda_39_0158.wav,train,borderline,16000,25.295,0.936,0.0,0.0,0.0373,-27.2,-26.3
Rigveda_39_0162.wav,train,borderline,16000,25.865,0.941,0.0,0.0,0.0385,-27.1,-26.5
Rigveda_39_0163.wav,train,borderline,16000,23.418,0.963,0.0,0.0,0.0381,-19.3,-26.3
Rigveda_39_0176.wav,train,clipped,16000,14.489,0.946,0.0,0.0,0.0373,-26.8,-26.0
Rigveda_39_0177.wav,train,borderline,16000,6.956,0.948,1e-05,0.0,0.0367,-26.9,-26.1
Rigveda_39_0184.wav,train,borderline,16000,7.117,0.987,1e-05,0.0,0.0364,-20.3,-17.7
Rigveda_39_0185.wav,train,borderline,16000,6.804,0.894,1e-05,0.0,0.0376,-27.2,-26.3
Rigveda_39_0200.wav,train,borderline,16000,29.872,0.957,0.0,0.0,0.0373,-21.2,-26.2
Rigveda_39_0203.wav,train,clipped,16000,22.018,0.933,0.0,0.0,0.0387,-14.9,-25.9
Rigveda_39_0209.wav,validation,clipped,16000,32.244,0.94,0.0,0.0,0.0391,-26.3,-26.9
Rigveda_39_0216.wav,train,clipped,16000,10.715,0.944,1e-05,0.0,0.0392,-26.7,-20.1
Rigveda_39_0218.wav,train,clipped,16000,7.281,0.946,1e-05,0.0,0.0394,-27.0,-26.5
Rigveda_39_0241.wav,train,borderline,16000,5.19,0.925,0.0,0.0,0.04,-26.6,-26.3
Rigveda_39_0273.wav,train,borderline,16000,16.691,0.942,1e-05,0.0,0.0385,-23.1,-15.9
Rigveda_39_0274.wav,train,clipped,16000,29.044,0.951,0.0,0.0,0.0382,-14.1,-26.6
Rigveda_39_0275.wav,train,borderline,16000,6.883,0.996,1e-05,0.0,0.033,-25.8,-25.6
Rigveda_39_0276.wav,train,clipped,16000,13.754,0.95,2e-05,0.0,0.0364,-21.9,-26.9
Rigveda_39_0282.wav,validation,borderline,16000,36.387,0.936,0.0,0.0,0.0351,-26.1,-17.5
Rigveda_39_0289.wav,validation,borderline,16000,2.371,0.886,3e-05,0.0,0.036,-11.3,-27.2
Rigveda_39_0293.wav,train,borderline,16000,14.793,0.949,0.0,0.0,0.0362,-12.8,-25.2
Rigveda_39_0294.wav,test,clipped,16000,11.533,0.914,1e-05,0.0,0.0386,-26.7,-26.4
Rigveda_39_0296.wav,test,clipped,16000,15.299,0.955,0.0,0.0,0.0348,-15.0,-25.7
Rigveda_39_0298.wav,train,clipped,16000,4.41,0.884,1e-05,0.0,0.0358,-14.0,-26.5
Rigveda_39_0300.wav,train,clipped,16000,8.99,0.943,1e-05,0.0,0.0334,-12.5,-26.3
Rigveda_39_0306.wav,test,borderline,16000,3.851,0.891,0.0,0.0,0.034,-17.1,-27.0
Rigveda_40_0136.wav,train,stratified,16000,2.832,0.968,0.0,0.0,0.0002,-22.9,-26.0
Rigveda_40_0239.wav,train,stratified,16000,2.761,0.989,0.0,0.0,0.0002,-16.9,-20.3
Rigveda_40_0267.wav,train,stratified,16000,1.26,0.929,0.0,0.0,0.0003,-18.5,-17.9
Rigveda_41_0068.wav,train,clipped,16000,20.213,0.906,3e-05,2e-05,-0.0,-44.1,-28.3
RigVeda_48_0274.wav,train,stratified,16000,7.686,0.996,0.0,0.0,0.0004,-18.0,-24.4
RigVeda_49_0083.wav,validation,stratified,16000,6.344,0.962,0.0,0.0,0.0002,-47.8,-31.1
RigVeda_49_0305.wav,validation,stratified,16000,18.067,0.929,0.0,0.0,0.0002,-50.2,-44.2
RigVeda_50_0097.wav,test,stratified,16000,7.547,0.968,0.0,0.0,0.0003,-16.3,-44.9
RigVeda_53_0045.wav,train,borderline,16000,4.667,0.923,0.0,0.0,0.0147,-15.3,-33.4
RigVeda_53_0108.wav,train,clipped,16000,13.614,0.951,0.0,0.0,0.0145,-19.6,-31.8
RigVeda_53_0116.wav,train,clipped,16000,6.068,0.946,1e-05,0.0,0.0135,-33.8,-32.8
RigVeda_53_0142.wav,test,borderline,16000,8.941,0.916,1e-05,0.0,0.0141,-33.3,-31.2
RigVeda_53_0173.wav,train,borderline,16000,19.022,0.896,0.0,0.0,0.0146,-33.7,-33.9
RigVeda_53_0198.wav,train,borderline,16000,6.065,0.906,1e-05,0.0,0.0144,-33.9,-33.9
RigVeda_53_0224.wav,train,borderline,16000,6.953,0.978,1e-05,0.0,0.0143,-29.9,-19.8
RigVeda_53_0225.wav,train,clipped,16000,7.779,0.965,1e-05,0.0,0.014,-33.4,-33.1
RigVeda_53_0252.wav,train,clipped,16000,8.428,0.964,1e-05,0.0,0.0137,-33.7,-33.0
RigVeda_53_0281.wav,train,borderline,16000,6.143,0.961,1e-05,0.0,0.0132,-27.4,-32.9
RigVeda_53_0283.wav,train,clipped,16000,5.984,0.925,1e-05,0.0,0.0128,-24.0,-34.1
RigVeda_53_0286.wav,train,clipped,16000,5.247,0.96,1e-05,0.0,0.0131,-25.2,-33.2
RigVeda_53_0287.wav,train,clipped,16000,15.408,0.945,2e-05,0.0,0.0121,-23.1,-33.4
RigVeda_53_0300.wav,train,clipped,16000,5.973,0.935,1e-05,0.0,0.0125,-34.0,-32.5
RigVeda_53_0301.wav,test,clipped,16000,5.326,0.977,1e-05,0.0,0.0126,-26.6,-32.9
RigVeda_53_0312.wav,train,borderline,16000,6.396,0.977,1e-05,0.0,0.0127,-33.0,-15.3
RigVeda_53_0313.wav,train,borderline,16000,5.812,0.964,1e-05,0.0,0.0117,-18.1,-33.1
RigVeda_53_0317.wav,train,clipped,16000,5.651,0.984,3e-05,0.0,0.0115,-16.8,-15.8
RigVeda_53_0318.wav,train,clipped,16000,5.17,0.895,1e-05,0.0,0.0129,-33.5,-15.4
RigVeda_53_0321.wav,train,borderline,16000,4.094,1.0,2e-05,0.0,0.0123,-22.2,-13.6
RigVeda_Part_016_0024.wav,validation,borderline,16000,6.261,0.957,1e-05,0.0,0.0046,-39.7,-38.2
RigVeda_Part_016_0053.wav,validation,borderline,16000,15.325,0.918,0.0,0.0,0.0047,-38.2,-38.5
RigVeda_Part_016_0060.wav,test,borderline,16000,14.836,0.941,0.0,0.0,0.0046,-23.3,-38.0
RigVeda_Part_016_0067.wav,validation,clipped,16000,7.536,0.892,1e-05,0.0,0.0046,-38.2,-38.6
RigVeda_Part_016_0070.wav,train,clipped,16000,6.32,0.943,1e-05,0.0,0.004,-37.4,-38.6
RigVeda_Part_016_0071.wav,train,clipped,16000,8.034,0.899,1e-05,0.0,0.004,-38.3,-38.4
RigVeda_Part_016_0072.wav,train,borderline,16000,7.05,0.953,0.0,0.0,0.0048,-39.0,-38.4
RigVeda_Part_016_0097.wav,test,stratified,16000,8.628,0.958,0.0,0.0,0.0049,-38.7,-39.0
RigVeda_Part_016_0100.wav,train,stratified,16000,6.611,0.936,0.0,0.0,0.0048,-33.4,-39.1
RigVeda_Part_016_0113.wav,validation,borderline,16000,14.957,0.916,0.0,0.0,0.0047,-39.5,-38.6
RigVeda_Part_016_0140.wav,train,borderline,16000,7.868,0.908,1e-05,0.0,0.0048,-38.4,-38.8
RigVeda_Part_016_0174.wav,validation,borderline,16000,15.829,0.922,0.0,0.0,0.0049,-38.1,-38.0
RigVeda_Part_016_0176.wav,train,clipped,16000,8.242,0.931,1e-05,0.0,0.0048,-38.7,-38.9
RigVeda_Part_019_0193.wav,validation,stratified,16000,3.313,0.873,0.0,0.0,0.0013,-42.5,-41.1
RigVeda_Part_020_0292.wav,train,stratified,16000,5.151,0.918,0.0,0.0,0.0002,-44.9,-44.4
RigVeda_Part_020_0303.wav,test,stratified,16000,5.103,0.912,0.0,0.0,0.0002,-45.6,-44.7
RigVeda_Part_020_0311.wav,train,stratified,16000,5.56,0.924,0.0,0.0,0.0002,-45.8,-45.6
RigVeda_Part_021_0172.wav,validation,stratified,16000,7.665,0.949,0.0,0.0,0.0001,-50.7,-49.6
RigVeda_Part_022_0232.wav,train,stratified,16000,8.039,0.948,0.0,0.0,0.0001,-48.2,-47.8
RigVeda_Part_023_0112.wav,test,stratified,16000,2.796,0.871,0.0,0.0,0.0002,-50.3,-48.3
RigVeda_Part_024_0009.wav,validation,stratified,16000,5.012,0.928,0.0,0.0,0.0001,-47.9,-46.9
RigVeda_Part_024_0189.wav,test,stratified,16000,6.873,0.93,0.0,0.0,0.0002,-44.2,-43.0
RigVeda_Part_025_0185.wav,train,stratified,16000,7.698,0.941,0.0,0.0,0.0002,-46.8,-47.7
RigVeda_Part_025_0237.wav,train,stratified,16000,8.094,0.955,0.0,0.0,0.0002,-46.4,-48.0
RigVeda_Part_027_0028.wav,train,stratified,16000,5.458,0.934,0.0,0.0,0.0001,-58.2,-50.1
RigVeda_Part_027_0034.wav,validation,stratified,16000,6.826,0.952,0.0,0.0,0.0,-56.1,-52.0
RigVeda_Part_028_0001.wav,train,quiet,16000,3.179,0.981,0.0,0.0,0.0003,-41.0,-41.1
RigVeda_Part_028_0259.wav,validation,stratified,16000,6.201,0.942,0.0,0.0,0.0002,-54.0,-51.2
RigVeda_Part_028_0376.wav,test,stratified,16000,6.283,0.938,0.0,0.0,0.0002,-53.3,-51.6
Rigvedha_001_0351.wav,validation,stratified,16000,2.858,1.0,0.0,0.0,0.0001,-16.1,-30.0
Rigvedha_002_0063.wav,validation,stratified,16000,3.362,0.955,0.0,0.0,0.0001,-16.7,-47.3
Rigvedha_002_0271.wav,train,stratified,16000,7.841,0.95,0.0,0.0,0.0001,-22.3,-48.6
Rigvedha_003_0065.wav,test,stratified,16000,3.049,0.931,0.0,0.0,0.0001,-27.0,-46.8
Rigvedha_003_0255.wav,train,stratified,16000,7.212,0.963,0.0,0.0,0.0001,-18.8,-42.8
Rigvedha_003_0288.wav,test,stratified,16000,6.935,0.965,0.0,0.0,0.0001,-23.0,-45.4
Rigvedha_003_0372.wav,test,stratified,16000,6.322,0.962,0.0,0.0,0.0001,-14.9,-43.1
Rigvedha_004_0110.wav,test,stratified,16000,8.193,0.982,0.0,0.0,0.0001,-22.2,-41.6
Rigvedha_004_0353.wav,test,stratified,16000,9.215,0.958,0.0,0.0,0.0001,-22.6,-46.6
Rigvedha_004_0382.wav,validation,stratified,16000,8.416,0.975,0.0,0.0,0.0001,-21.7,-45.1
Rigvedha_006_0152.wav,train,stratified,16000,7.233,0.963,0.0,0.0,0.0001,-25.9,-42.0
Rigvedha_006_0154.wav,test,stratified,16000,6.739,0.955,0.0,0.0,0.0001,-22.5,-47.2
Rigvedha_007_0001.wav,train,quiet,16000,3.905,0.9,0.0,0.0,0.0005,-42.7,-42.0
Rigvedha_007_0231.wav,test,stratified,16000,5.791,0.995,0.0,0.0,0.0003,-25.4,-27.3
Rigvedha_007_0266.wav,test,stratified,16000,8.059,0.981,0.0,0.0,0.0003,-23.9,-24.5
Rigvedha_007_0336.wav,test,stratified,16000,6.845,0.956,0.0,0.0,0.0003,-25.5,-44.8
Rigvedha_008_0001.wav,train,quiet,16000,3.37,0.911,0.0,0.0,0.0004,-38.0,-46.1
Rigvedha_008_0328.wav,train,stratified,16000,8.246,0.964,0.0,0.0,0.0003,-44.3,-43.5
Rigvedha_009_0001.wav,train,quiet,16000,4.12,0.934,0.0,0.0,0.0003,-44.1,-41.9
Rigvedha_009_0101.wav,train,stratified,16000,5.866,0.949,0.0,0.0,0.0003,-34.7,-44.3
Rigvedha_009_0134.wav,test,stratified,16000,7.55,0.924,0.0,0.0,0.0003,-44.2,-42.6
Rigvedha_009_0326.wav,validation,stratified,16000,7.595,0.949,0.0,0.0,0.0003,-44.7,-38.0
Rigvedha_010_0347.wav,train,stratified,16000,7.236,0.971,0.0,0.0,0.0002,-44.2,-15.6
Rigvedha_011_0001.wav,train,44.1k+quiet,44100,3.479,0.991,0.0,0.0,0.0002,-36.9,-41.2
Rigvedha_011_0034.wav,test,44.1k,44100,4.672,0.987,0.0,0.0,0.0002,-31.9,-38.7
Rigvedha_012_0001.wav,train,44.1k+quiet,44100,3.442,0.921,0.0,0.0,0.0003,-43.3,-45.9
Rigvedha_012_0200.wav,test,44.1k,44100,7.289,0.967,0.0,0.0,0.0003,-15.5,-46.4
Rigvedha_012_0308.wav,validation,44.1k,44100,6.51,0.986,0.0,0.0,0.0003,-25.1,-32.3
Rigvedha_013_0147.wav,train,44.1k,44100,8.085,0.993,0.0,0.0,0.0001,-15.0,-21.7
Rigvedha_013_0336.wav,train,44.1k,44100,7.419,0.96,0.0,0.0,0.0001,-31.3,-50.3
Rigvedha_013_0371.wav,train,44.1k,44100,7.413,0.988,0.0,0.0,0.0001,-24.7,-33.5
