file,source,sr,dur_s,speech_frac,vad_items,flat_top,hard_flat,dc,head_rms,tail_rms
skpro_00.mp3,hall,16000,78.46,0.867,27,0.0,0.0,-0.0,-83.9,-83.8
skpro_01.mp3,hall,16000,1001.34,0.846,668,0.0,0.0,-0.0,-84.1,-83.8
skpro_02.mp3,hall,16000,1237.25,0.786,946,0.0,0.0,-0.0,-83.3,-84.1
skpro_03.mp3,hall,16000,297.03,0.771,184,0.0,0.0,-0.0,-84.5,-83.7
skpro_04.mp3,hall,16000,67.45,0.768,33,0.0,0.0,0.0,-83.7,-83.9
adas_fem.mp3,loyola,44100,13.17,0.92,11,0.0,0.0,-0.0,-52.8,-32.2
adas_masc_pronoun.mp3,loyola,44100,20.84,0.857,10,0.0,0.0,-0.0,-54.9,-55.4
deva_masc.mp3,loyola,44100,180.23,0.829,201,0.0,0.0,-0.0,-49.2,-40.3
dhatr_masc.mp3,loyola,44100,148.47,0.794,256,0.0,0.0,-0.0,-48.2,-46.2
dhenu_fem.mp3,loyola,44100,113.91,0.692,178,0.0,0.0,-0.0,-33.9,-49.5
dosa_masc.mp3,loyola,44100,125.06,0.86,134,0.0,0.0,-0.0,-43.0,-41.8
etad_fem.mp3,loyola,44100,28.0,0.927,13,0.0,0.0,-0.0,-36.4,-49.4
etad_neut_pronoun.mp3,loyola,44100,27.32,0.89,16,0.0,0.0,-0.0,-49.6,-55.7
etat_masc_pronoun.mp3,loyola,44100,27.84,0.889,14,0.0,0.0,-0.0,-54.9,-37.6
gauri_fem.mp3,loyola,44100,133.5,0.703,207,0.0,0.0,-0.0,-47.2,-49.6
guru_masc.mp3,loyola,44100,133.0,0.737,200,0.0,0.0,-0.0,-26.4,-45.4
hari_masc.mp3,loyola,44100,175.76,0.836,231,0.0,0.0,-0.0,-46.4,-50.0
idam_fem.mp3,loyola,44100,24.58,0.899,12,0.0,0.0,-0.0,-55.9,-55.3
idam_masc_pronoun.mp3,loyola,44100,25.13,0.842,16,0.0,0.0,-0.0,-51.6,-53.2
idam_neut_pronoun.mp3,loyola,44100,24.79,0.809,49,0.0,0.0,-0.0,-48.2,-41.2
kartr_neut.mp3,loyola,44100,33.36,0.846,46,0.0,0.0,-0.0,-52.2,-50.6
katara_neut.mp3,loyola,44100,24.71,0.898,17,0.0,0.0,-0.0,-53.9,-58.1
kim_fem.mp3,loyola,44100,18.55,0.913,10,0.0,0.0,-0.0,-56.5,-53.3
kim_masc_interog.mp3,loyola,44100,19.04,0.853,9,0.0,0.0,-0.0,-52.5,-53.0
kim_neut_interog.mp3,loyola,44100,16.69,0.84,22,0.0,0.0,-0.0,-57.5,-46.3
lakshmi_fem.mp3,loyola,44100,99.7,0.77,134,0.0,0.0,-0.0,-50.0,-45.6
madhu_neut.mp3,loyola,44100,25.73,0.847,15,0.0,0.0,-0.0,-54.5,-47.6
mati_fem.mp3,loyola,44100,98.99,0.772,165,0.0,0.0,-0.0,-38.5,-51.5
matr_fem.mp3,loyola,44100,94.45,0.769,154,0.0,0.0,-0.0,-52.6,-50.3
mrdu_neut.mp3,loyola,44100,29.31,0.811,26,0.0,0.0,-0.0,-50.2,-48.8
noun1_deva.mp3,loyola,44100,225.18,0.482,133,0.0,0.0,-0.0,-62.3,-61.5
noun2_rama.mp3,loyola,44100,83.27,0.707,63,0.0,0.0,-0.0,-57.1,-61.9
noun3_kanyaa.mp3,loyola,44100,167.04,0.645,118,0.0,0.0,-0.0,-62.6,-62.3
noun4_phala.mp3,loyola,44100,94.97,0.487,40,0.0,0.0,-0.0,-60.2,-60.6
noun5_nadii.mp3,loyola,44100,150.69,0.449,129,0.0,0.0,-0.0,-59.9,-54.3
noun6_vaari.mp3,loyola,44100,29.41,0.616,24,0.0,0.0,-0.0,-54.1,-57.7
noun7_dhii.mp3,loyola,44100,35.34,0.535,41,0.0,0.0,-0.0,-59.5,-61.2
noun8_strii.mp3,loyola,44100,24.76,0.596,26,0.0,0.0,-0.0,-61.3,-62.5
noun9_bhaanu.mp3,loyola,44100,33.49,0.579,27,0.0,0.0,-0.0,-61.6,-57.2
phala_neut.mp3,loyola,44100,30.27,0.786,23,0.0,0.0,-0.0,-52.9,-41.5
pitr_masc.mp3,loyola,44100,108.01,0.805,193,0.0,0.0,-0.0,-45.8,-43.2
purva_masc_pronoun.mp3,loyola,44100,30.61,0.876,24,0.0,0.0,-0.0,-53.2,-40.2
rama_fem.mp3,loyola,44100,188.43,0.773,251,0.0,0.0,-0.0,-50.0,-46.3
rama_masc.mp3,loyola,44100,132.4,0.847,136,0.0,0.0,-0.0,-48.5,-43.8
sarva_fem_incomlete.mp3,loyola,44100,20.77,0.866,8,0.0,0.0,-0.0,-54.5,-102.6
sarva_masc_pronoun.mp3,loyola,44100,28.1,0.86,19,0.0,0.0,-0.0,-52.0,-53.4
sarva_neut.mp3,loyola,44100,25.0,0.912,16,0.0,0.0,-0.0,-51.6,-52.3
suci_neut.mp3,loyola,44100,32.05,0.8,37,0.0,0.0,-0.0,-53.2,-47.8
svasr_fem.mp3,loyola,44100,97.95,0.706,153,0.0,0.0,-0.0,-45.8,-50.4
tad_masc_pronoun.mp3,loyola,44100,17.79,0.863,11,0.0,0.0,-0.0,-53.0,-45.3
tad_neut.mp3,loyola,44100,18.62,0.848,10,0.0,0.0,-0.0,-55.1,-56.5
vaari_neut.mp3,loyola,44100,32.28,0.822,22,0.0,0.0,-0.0,-41.4,-51.4
vadhu_fem.mp3,loyola,44100,155.52,0.679,304,0.0,0.0,-0.0,-51.9,-49.8
verb_ad.mp3,loyola,44100,97.37,0.815,122,0.0,0.0,-0.0,-42.7,-45.6
verb_as_2ndc.mp3,loyola,44100,24.21,0.895,26,0.0,0.0,0.0,-27.7,-50.2
verb_bhu_1stc.mp3,loyola,44100,93.9,0.846,76,0.0,0.0,-0.0,-53.5,-48.9
verb_div.mp3,loyola,44100,87.76,0.865,49,0.0,0.0,-0.0,-52.6,-49.9
verb_hu.mp3,loyola,44100,133.19,0.831,101,0.0,0.0,-0.0,-42.5,-49.3
verb_kr_8thc.mp3,loyola,44100,77.31,0.888,71,0.0,0.0,-0.0,-49.1,-41.1
verb_krii_9thc.mp3,loyola,44100,88.55,0.87,79,0.0,0.0,-0.0,-52.5,-57.2
verb_rudh_7thc.mp3,loyola,44100,97.37,0.925,33,0.0,0.0,-0.0,-48.6,-51.8
verb_su_5thc.mp3,loyola,44100,88.65,0.732,173,0.0,0.0,-0.0,-50.6,-49.7
verb_tan_8thc.mp3,loyola,44100,96.46,0.867,78,0.0,0.0,-0.0,-51.9,-55.7
verb_tud_6thc.mp3,loyola,44100,86.69,0.725,172,0.0,0.0,-0.0,-50.3,-46.5
yad_fem.mp3,loyola,44100,18.62,0.894,13,0.0,0.0,-0.0,-51.1,-55.3
yad_masc_pronoun.mp3,loyola,44100,16.9,0.879,16,0.0,0.0,-0.0,-51.9,-55.8
yad_neut_pronoun.mp3,loyola,44100,17.16,0.879,12,0.0,0.0,-0.0,-50.7,-50.8
yusmad_pronoun.mp3,loyola,44100,46.73,0.83,34,0.0,0.0,-0.0,-49.1,-29.8
